RNA_id,F1_all_bps,PR_all_bps,SN_all_bps,Neff,Neff_by_L,Seq_Length
2du4_C,0.037037037037037035,0.043478260869565216,0.03225806451612903,1,0.014084507042253521,71
2pxb_B,0,0,0,0,0.0,49
4n0t_B,0,0,0,1,0.013888888888888888,72
4uyk_R,0.01834862385321101,0.022727272727272728,0.015384615384615385,3.63915,0.02715783582089552,134
5f9r_A,0,0,0,2.0053900000000002,0.016994830508474577,118
6svs_A,0,0,0,0,0.0,77
6fz0_A,0,0,0,1,0.018867924528301886,53
5t83_A,0.08333333333333333,0.1,0.07142857142857142,1,0.010526315789473684,95
6cu1_A,0.031746031746031744,0.037037037037037035,0.027777777777777776,1,0.012345679012345678,81
4v2s_Q,0.052631578947368425,0.05,0.05555555555555555,1,0.015384615384615385,65
6jdv_B,0.125,0.13333333333333333,0.11764705882352941,4.19643,0.028547142857142858,147
4rum_A,0,0,0,0,0.0,94
2il9_A,0.02222222222222222,0.02127659574468085,0.023255813953488372,1,0.007042253521126761,142
3rw6_F,0,0,0,1,0.016129032258064516,62
3q50_A,0.07142857142857142,0.09090909090909091,0.058823529411764705,1,0.030303030303030304,33
3ktw_C,0.05128205128205128,0.0625,0.043478260869565216,3,0.03125,96
5x2h_B,0,0,0,3.3403699999999996,0.03591795698924731,93
3adb_C,0.029850746268656716,0.03333333333333333,0.02702702702702703,1,0.010869565217391304,92
2zni_C,0.03921568627450981,0.041666666666666664,0.037037037037037035,1,0.013888888888888888,72
4xwf_A,0.044444444444444446,0.047619047619047616,0.041666666666666664,1,0.015625,64
1mzp_B,0.09090909090909093,0.1111111111111111,0.07692307692307693,1,0.01818181818181818,55
1g1x_E,0,0,0,1.8392400000000002,0.0418009090909091,44
3ovb_C,0.08,0.09090909090909091,0.07142857142857142,1,0.02857142857142857,35
1xjr_A,0,0,0,2.24186,0.047699148936170215,47
2qus_A,0.03773584905660378,0.043478260869565216,0.03333333333333333,2,0.028985507246376812,69
3q3z_A,0,0,0,0,0.0,75
3slm_A,0.1568627450980392,0.18181818181818182,0.13793103448275862,2,0.029411764705882353,68
4jf2_A,0,0,0,1,0.012987012987012988,77
6mwn_A,0.05970149253731343,0.06666666666666667,0.05405405405405406,3.8964,0.042352173913043474,92
4qyz_L,0,0,0,1,0.01639344262295082,61
6aay_B,0.0625,0.05263157894736842,0.07692307692307693,1,0.01694915254237288,59
